id,name,price,rating,img_link
36295336,"Hatgal, Mongolia","₹2,736 per night",4.67,https://a0.muscache.com/im/pictures/0c7f8d66-2f41-431c-bf53-bef1ee168238.jpg?im_w=720
34881697,"Rovaniemi, Finland","₹25,440 per night",4.75,https://a0.muscache.com/im/pictures/249503c7-86f9-4da2-9468-4b4c196b6517.jpg?im_w=720
34346281,"Rovaniemi, Finland","₹25,440 per night",5.0,https://a0.muscache.com/im/pictures/59599630-a8ce-4082-aa31-de0984288d48.jpg?im_w=720
26583330,"Kharkhorin, Mongolia","₹5,472 per night",5.0,https://a0.muscache.com/im/pictures/0d18e619-8937-4d74-86e8-e5c3400d4ac0.jpg?im_w=720
23606327,"Kanimekh, Uzbekistan","₹2,736 per night",New,https://a0.muscache.com/im/pictures/3bd2e5ac-6a78-4e1b-a310-3b48885d192d.jpg?im_w=720
29766895,"Terelj, Mongolia","₹4,560 per night",New,https://a0.muscache.com/im/pictures/32f64d9f-f848-4c98-83d9-0b7046221794.jpg?im_w=720
31999942,"Simou, Cyprus","₹9,994 per night",5.0,https://a0.muscache.com/im/pictures/87a39e80-bdcb-48d6-9709-b52c36696672.jpg?im_w=720
34881232,"Rovaniemi, Finland","₹25,440 per night",New,https://a0.muscache.com/im/pictures/770a74e4-d606-42e9-a124-327b4f30fa51.jpg?im_w=720
19093931,"Ulaanbaatar, Mongolia","₹4,298 per night",New,https://a0.muscache.com/im/pictures/e62a1492-0bc5-4ae4-82d5-312db9036966.jpg?im_w=720
34691029,"Ulaanbaatar, Mongolia","₹9,121 per night",New,https://a0.muscache.com/im/pictures/592b58f6-017f-4999-8ebf-a82f59e69fbb.jpg?im_w=720
26139862,"Zuunmod, Mongolia","₹6,840 per night",New,https://a0.muscache.com/im/pictures/45168e80-1f73-4faa-ae87-eb9e1e455578.jpg?im_w=720
11853566,"Ulaanbaatar, Mongolia","₹1,368 per night",New,https://a0.muscache.com/im/pictures/b1d90cf0-d887-42b8-8fdc-26d86904056c.jpg?im_w=720
3203468,"Ulaanbaatar, Mongolia","₹4,469 per night",4.78,https://a0.muscache.com/im/pictures/0fbb1214-96a1-45fd-a717-e63875605e6b.jpg?im_w=720
42059381,"Klil, Israel","₹8,351 per night",4.61,https://a0.muscache.com/im/pictures/aa0fe3b9-f5df-4a45-8134-74e94641420f.jpg?im_w=720
27056098,"Gita, Israel","₹21,527 per night",4.99,https://a0.muscache.com/im/pictures/4c46d63b-d0be-4d06-819b-2151d8536c87.jpg?im_w=720
8778427,"Tong, Kyrgyzstan","₹1,363 per night",4.82,https://a0.muscache.com/im/pictures/111605368/4ba66084_original.jpg?im_w=720
42037314,"Kemer, Turkey","₹7,268 per night",4.82,https://a0.muscache.com/im/pictures/ee8918d3-69ed-46f1-b911-8ecf027daf62.jpg?im_w=720
14363243,"Ulaanbaatar, Mongolia","₹1,368 per night",4.81,https://a0.muscache.com/im/pictures/39bbf6ae-efdf-4d56-9633-1ad38b6fe2a5.jpg?im_w=720
24576092,"Issyk-Kul Region, Kyrgyzstan","₹1,368 per night",4.79,https://a0.muscache.com/im/pictures/b742bc16-529a-468a-86d2-15f206b753ff.jpg?im_w=720
26411001,"Ulaanbaatar, Mongolia","₹1,368 per night",4.71,https://a0.muscache.com/im/pictures/17dd201d-cac7-4d99-b9ae-0dafacd7af0d.jpg?im_w=720
15862136,"Khushuut, Mongolia","₹2,797 per night",New,https://a0.muscache.com/im/pictures/aaf54d62-d731-47db-bd26-74126901d87a.jpg?im_w=720
3202274,"Ulaanbaatar, Mongolia","₹4,469 per night",4.74,https://a0.muscache.com/im/pictures/5f8d8644-9c54-41e5-aef4-b13362517f2c.jpg?im_w=720
49536207,"Natur, Israel","₹21,567 per night",5.0,https://a0.muscache.com/im/pictures/d97959e3-6fd1-46bc-a233-b9a917b2889f.jpg?im_w=720
51767074,"Chorazim, Israel","₹43,454 per night",4.75,https://a0.muscache.com/im/pictures/miso/Hosting-51767074/original/1a927d77-ae9c-4028-91a6-16770b09bcc9.jpeg?im_w=720
28299287,"Gita, Israel","₹43,057 per night",4.8,https://a0.muscache.com/im/pictures/2a1be03f-a56a-4d4a-87f4-b31d7b96dd5a.jpg?im_w=720
39955084,"Barskoon, Kyrgyzstan","₹1,824 per night",5.0,https://a0.muscache.com/im/pictures/b4c81eba-0a87-4326-8db4-a8845fe67434.jpg?im_w=720
37222915,"Naryn Region, Kyrgyzstan","₹3,192 per night",New,https://a0.muscache.com/im/pictures/574f1688-a0b0-46d0-95cf-5cea9eab20b3.jpg?im_w=720
593845281176564227,"Clil, Israel","₹19,626 per night",New,https://a0.muscache.com/im/pictures/miso/Hosting-593845281176564227/original/b4fd4a40-8fd7-4aa3-9a27-056bcc5d0c57.jpeg?im_w=720
51029363,"Argalant, Mongolia","₹8,585 per night",New,https://a0.muscache.com/im/pictures/miso/Hosting-51029363/original/4561797b-bb41-430d-9d03-28ef8dadd235.jpeg?im_w=720
34673163,"Kharkhorin, Mongolia","₹6,840 per night",New,https://a0.muscache.com/im/pictures/ad4c1a79-7e5d-4b60-a51a-5784678c2bcf.jpg?im_w=720
46623246,"Turgen, Kazakhstan","₹9,121 per night",5.0,https://a0.muscache.com/im/pictures/2a37f099-31b7-4824-b0a4-d9aabb660d0e.jpg?im_w=720
40353548,"Ulaanbaatar, Mongolia","₹8,938 per night",New,https://a0.muscache.com/im/pictures/eb28428c-d696-4031-a73d-8d947010af8e.jpg?im_w=720
30217005,"Besqaynar, Kazakhstan","₹16,143 per night",New,https://a0.muscache.com/im/pictures/73f9b9b3-9d9a-4664-9e57-983aa926ab49.jpg?im_w=720
31999761,"Simou, Cyprus","₹11,448 per night",New,https://a0.muscache.com/im/pictures/87a39e80-bdcb-48d6-9709-b52c36696672.jpg?im_w=720
48613802,"Ulaanbaatar, Mongolia","₹1,149 per night",New,https://a0.muscache.com/im/pictures/931fafe8-a74a-43a0-b72d-eaac64ad9d10.jpg?im_w=720
28557385,"Tosor, Kyrgyzstan","₹1,824 per night",5.0,https://a0.muscache.com/im/pictures/2d7bafda-f6d8-45af-9050-689f339b220e.jpg?im_w=720
50109759,"Ulaanbaatar, Mongolia","₹1,73,290 per night",New,https://a0.muscache.com/im/pictures/miso/Hosting-50109759/original/b364ad96-c400-45f0-9413-707d4e576181.jpeg?im_w=720
14245225,"Seydikemer, Turkey","₹3,660 per night",New,https://a0.muscache.com/im/pictures/b5150c50-677d-4fab-81f0-b6ad6523d9cd.jpg?im_w=720
2095070,"Talgar, Kazakhstan","₹5,294 per night",New,https://a0.muscache.com/im/pictures/29d4a60c-b9b3-46c2-b480-f3e6347d653e.jpg?im_w=720
22708428,"Khorgo, Mongolia","₹2,736 per night",New,https://a0.muscache.com/im/pictures/dee9b1a2-db5e-4ef3-9bb1-fe7e9a0cd627.jpg?im_w=720
26708622,"Ulaanbaatar, Mongolia","₹3,557 per night",New,https://a0.muscache.com/im/pictures/2bc90e52-dffd-493d-9d94-5261d6ed77b7.jpg?im_w=720
18841959,"Hatgal, Mongolia","₹4,560 per night",4.6,https://a0.muscache.com/im/pictures/0a1f32ab-7348-459a-9b00-828992b8a396.jpg?im_w=720
40492333,"Orkhon, Mongolia","₹2,098 per night",New,https://a0.muscache.com/im/pictures/24aa9514-4ae2-4023-8ebc-3db0b6b6c9d5.jpg?im_w=720
23407630,"Bayan-Ulgii, Mongolia","₹2,280 per night",New,https://a0.muscache.com/im/pictures/559c1424-3c3f-4486-bf98-54db563ce1bb.jpg?im_w=720
17408225,"Dalanzadgad, Mongolia","₹3,648 per night",New,https://a0.muscache.com/im/pictures/80d3f512-baf7-40b6-a8a0-2f27ae52ed78.jpg?im_w=720
32995271,"Bishkek, Kyrgyzstan",₹655 per night,New,https://a0.muscache.com/im/pictures/2b25d90a-0af7-4c47-a98f-a1a63feae4ee.jpg?im_w=720
3203447,"Ulaanbaatar, Mongolia","₹6,658 per night",5.0,https://a0.muscache.com/im/pictures/20389209-5aec-43c7-9631-d4d8aada2ac1.jpg?im_w=720
19318660,"Murun, Mongolia","₹5,472 per night",New,https://a0.muscache.com/im/pictures/b9d0ea75-ee37-438b-8c06-d1a0416b8eed.jpg?im_w=720
6614462,"Grigorievka, Kyrgyzstan","₹3,271 per night",5.0,https://a0.muscache.com/im/pictures/83347231/3ec94a82_original.jpg?im_w=720
26153532,"Gachuurt, Mongolia","₹4,104 per night",New,https://a0.muscache.com/im/pictures/c63bbe67-8432-4469-836c-008d2aa2d6e4.jpg?im_w=720
33360188,"Tatyr, Kyrgyzstan","₹1,642 per night",New,https://a0.muscache.com/im/pictures/6c5351a6-d66e-4bc9-8557-e9db5a036248.jpg?im_w=720
24126094,"Kyrgyz-Ata, Kyrgyzstan","₹1,368 per night",New,https://a0.muscache.com/im/pictures/5f95453c-3741-4fc5-95fd-fe1d7260cda4.jpg?im_w=720
39427123,"Bat-Öldziï, Mongolia","₹2,462 per night",New,https://a0.muscache.com/im/pictures/miso/Hosting-39427123/original/6ead31f4-19f5-49ab-9e83-526239424523.jpeg?im_w=720
31394943,"Ulaanbaatar , Mongolia","₹1,817 per night",New,https://a0.muscache.com/im/pictures/f658dcfd-a271-40d0-b9db-3bf8bfa34cdc.jpg?im_w=720
33208490,"Tosor, Kyrgyzstan","₹2,052 per night",New,https://a0.muscache.com/im/pictures/b82c0a78-ff1e-44bf-ab79-3174b51c03c3.jpg?im_w=720
36781323,"Bayan, Mongolia","₹10,033 per night",New,https://a0.muscache.com/im/pictures/017be485-7ebf-46cc-b93b-0d077b986e16.jpg?im_w=720
17985434,"Ulaanbaatar, Mongolia","₹10,306 per night",New,https://a0.muscache.com/im/pictures/90fb2230-5681-47c7-82ed-566805ccf37a.jpg?im_w=720
40241491,"Ulaanbaatar, Mongolia","₹8,938 per night",New,https://a0.muscache.com/im/pictures/e31308d3-6bae-408e-a162-8e8c4d7ca312.jpg?im_w=720
4900791,"IL, Israel","₹9,803 per night",New,https://a0.muscache.com/im/pictures/61465583/368044fa_original.jpg?im_w=720
35087835,"Kharkhorin, Mongolia",₹912 per night,New,https://a0.muscache.com/im/pictures/b9e2cabf-a543-4d16-95ad-235819299db8.jpg?im_w=720
22109026,"Ulaanbaatar, Mongolia","₹1,824 per night",New,https://a0.muscache.com/im/pictures/49e0e388-9761-45ca-b19d-b7c4aa487232.jpg?im_w=720
36080424,"Hatgal, Mongolia","₹2,736 per night",5.0,https://a0.muscache.com/im/pictures/cb81fe9f-e7f0-4b88-bdb5-d5137720d5f7.jpg?im_w=720
21256488,"Ulgii, Mongolia","₹4,594 per night",New,https://a0.muscache.com/im/pictures/61b44d57-23b9-4e85-8053-f46155dacc92.jpg?im_w=720
42730972,"Khanbogd, Mongolia","₹4,560 per night",New,https://a0.muscache.com/im/pictures/7d0c4cbe-c16a-4733-bee1-daf26d7fe7be.jpg?im_w=720
26474271,"Ulaanbaatar, Mongolia","₹3,192 per night",New,https://a0.muscache.com/im/pictures/74fea48e-4b9a-4622-a409-1e1e260c9c7e.jpg?im_w=720
34518709,"Ulaanbaatar, Mongolia","₹8,208 per night",New,https://a0.muscache.com/im/pictures/6f5191b8-2042-43cc-bee9-d7dc9604430c.jpg?im_w=720
43143434,"Khujirt, Mongolia","₹4,765 per night",New,https://a0.muscache.com/im/pictures/3a8d6178-601d-48e8-91fd-29f9d83a0dbc.jpg?im_w=720
35769989,"Hatgal, Mongolia","₹4,560 per night",New,https://a0.muscache.com/im/pictures/0a1f32ab-7348-459a-9b00-828992b8a396.jpg?im_w=720
22172196,"Bokonbayevo, Kyrgyzstan","₹1,277 per night",New,https://a0.muscache.com/im/pictures/b3c8d75f-2887-47fb-a7f9-015605ed8960.jpg?im_w=720
37854209,"Tong, Kyrgyzstan","₹1,368 per night",New,https://a0.muscache.com/im/pictures/ae0ea88f-0d19-47f9-b08d-4a36c5957db4.jpg?im_w=720
26376508,"Altanbulag, Mongolia","₹8,237 per night",New,https://a0.muscache.com/im/pictures/8e0bb872-22be-44e2-a8db-e5ee8d33e582.jpg?im_w=720
26153874,"Ulgii, Mongolia","₹8,208 per night",New,https://a0.muscache.com/im/pictures/4e29f06d-7468-48b5-909c-d761b57c1e5b.jpg?im_w=720
42854698,"Dundgovi, Mongolia","₹1,744 per night",New,https://a0.muscache.com/im/pictures/38616d93-2ba2-4a0f-81c1-529fe9c01167.jpg?im_w=720
26445275,"Kharkhorin, Mongolia","₹2,006 per night",New,https://a0.muscache.com/im/pictures/8e4ff615-bcd3-4d1a-aa29-3a57f788300e.jpg?im_w=720
32393176,"Ulgii, Mongolia","₹1,824 per night",New,https://a0.muscache.com/im/pictures/d2a7a93e-7dd1-410c-96bd-706e7df93d5f.jpg?im_w=720
42759884,"Bat-Öldziï, Mongolia","₹2,462 per night",New,https://a0.muscache.com/im/pictures/178505bf-a1f7-4605-907e-74500d99db3d.jpg?im_w=720
23134293,"Osh, Kyrgyzstan","₹1,824 per night",New,https://a0.muscache.com/im/pictures/22d1d3f5-6c23-494a-99d3-8e21cd4586f7.jpg?im_w=720
26852853,"Gulcha, Kyrgyzstan","₹2,280 per night",New,https://a0.muscache.com/im/pictures/510f923b-8f52-492d-b761-45b9cda50193.jpg?im_w=720
41218169,"Hatgal, Mongolia","₹5,472 per night",New,https://a0.muscache.com/im/pictures/1321b406-ba69-41d5-9bf0-0ed8d498cb71.jpg?im_w=720
42203403,"Bayan, Mongolia","₹5,472 per night",New,https://a0.muscache.com/im/pictures/017be485-7ebf-46cc-b93b-0d077b986e16.jpg?im_w=720
49470404,"Buyant, Mongolia","₹6,384 per night",New,https://a0.muscache.com/im/pictures/00827fd9-5fa1-43ed-b7e4-53f2653255f3.jpg?im_w=720
43946452,"Ulaanbaatar, Mongolia","₹2,747 per night",New,https://a0.muscache.com/im/pictures/daa44dd3-381a-4813-aabd-7a9379784c83.jpg?im_w=720
41893693,"Bayandalay, Mongolia","₹5,363 per night",New,https://a0.muscache.com/im/pictures/477c6f95-ea21-4877-b859-7900d3233749.jpg?im_w=720
616486789459389645,"Ulaanbaatar, Mongolia","₹25,895 per night",New,https://a0.muscache.com/im/pictures/miso/Hosting-616486789459389645/original/c6631575-1b79-4684-955d-8041a93bd4b0.jpeg?im_w=720
44661511,"Gita, Israel","₹17,227 per night",4.92,https://a0.muscache.com/im/pictures/34a66f7a-fba8-4429-95b8-8bdb6ea32acd.jpg?im_w=720
37258376,"Naryn, Kyrgyzstan","₹1,277 per night",New,https://a0.muscache.com/im/pictures/2d44cd6f-572a-4ab3-94c1-803ddf88ebb6.jpg?im_w=720
13875305,"Naryn Province, Kyrgyzstan","₹1,368 per night",New,https://a0.muscache.com/im/pictures/f190ad56-5aaa-4895-a26a-b097712a049b.jpg?im_w=720
27409990,"Ulgii, Mongolia",₹912 per night,New,https://a0.muscache.com/im/pictures/f5482338-0c7f-440b-a906-561d388d36bc.jpg?im_w=720
37138820,"Hatgal, Mongolia","₹2,736 per night",New,https://a0.muscache.com/im/pictures/cb81fe9f-e7f0-4b88-bdb5-d5137720d5f7.jpg?im_w=720
19890900,"Merlischachen , Switzerland","₹15,204 per night",4.94,https://a0.muscache.com/im/pictures/84e3c5a5-ae64-4909-8791-7ea562302b4a.jpg?im_w=720
34518487,"Ulaanbaatar, Mongolia","₹8,208 per night",New,https://a0.muscache.com/im/pictures/6f5191b8-2042-43cc-bee9-d7dc9604430c.jpg?im_w=720
43699096,"Curienne, France","₹7,472 per night",5.0,https://a0.muscache.com/im/pictures/b9d6d563-25e8-4608-a638-b10c5913dd59.jpg?im_w=720
35769739,"Hatgal, Mongolia","₹4,560 per night",New,https://a0.muscache.com/im/pictures/0a1f32ab-7348-459a-9b00-828992b8a396.jpg?im_w=720
30144505,"Rovaniemi, Finland","₹25,440 per night",5.0,https://a0.muscache.com/im/pictures/fec93321-2253-429f-ac7b-f82a0d851877.jpg?im_w=720
3860857,"Éourres, France","₹3,362 per night",4.82,https://a0.muscache.com/im/pictures/48571128/59d37a85_original.jpg?im_w=720
19147083,"Saint-Julien-du-Gua, France","₹6,723 per night",4.96,https://a0.muscache.com/im/pictures/b57ab712-e878-40b2-8b76-e97233399f61.jpg?im_w=720
36058637,"Miremont, France","₹6,814 per night",4.71,https://a0.muscache.com/im/pictures/2089001c-bb58-4f0c-8afe-b7763acaf50d.jpg?im_w=720
38285876,"Roccatederighi, Italy","₹8,883 per night",New,https://a0.muscache.com/im/pictures/miso/Hosting-38285876/original/c10a130d-86ba-4146-a080-c39cc0299479.jpeg?im_w=720
25145277,"Solliès-Toucas, France","₹13,933 per night",5.0,https://a0.muscache.com/im/pictures/476a6836-7720-4ab8-ab3c-26b756e5d1cd.jpg?im_w=720
18605060,"Smetanova Lhota, Czechia","₹4,983 per night",New,https://a0.muscache.com/im/pictures/5641e6bf-4d99-4247-930c-3c0fd2e314a9.jpg?im_w=720
8214755,"Bargème, France","₹11,146 per night",4.8,https://a0.muscache.com/im/pictures/104555260/dfe1c4af_original.jpg?im_w=720
23434486,"Carì, Switzerland","₹5,191 per night",New,https://a0.muscache.com/im/pictures/2caed426-c29c-4da3-b733-56384c2044b8.jpg?im_w=720
43760983,"Asciano, Italy","₹21,895 per night",4.96,https://a0.muscache.com/im/pictures/miso/Hosting-43760983/original/0a1725a6-87e0-4fe9-ad7e-49ec8df09843.jpeg?im_w=720
45820552,"Lauf an der Pegnitz, Germany","₹4,543 per night",4.84,https://a0.muscache.com/im/pictures/miso/Hosting-45820552/original/124458b8-469a-460a-a254-48eeff6aa190.jpeg?im_w=720
40820431,"Saint-Joseph-de-Rivière, France","₹10,748 per night",4.86,https://a0.muscache.com/im/pictures/22a4480f-64e3-448c-b6a6-8aa9ee806dfd.jpg?im_w=720
44273010,"Chimay, Belgium","₹9,086 per night",4.83,https://a0.muscache.com/im/pictures/c78a01f4-66e9-49ac-8bc9-d5ad4b9936e4.jpg?im_w=720
45286303,"Regulice, Poland","₹7,679 per night",4.95,https://a0.muscache.com/im/pictures/miso/Hosting-45286303/original/9de5e962-c17a-44db-aa96-9aa1682b1029.jpeg?im_w=720
34625185,"Castiglione in Teverina, Italy","₹8,211 per night",4.84,https://a0.muscache.com/im/pictures/5cbf5b5e-c131-4e30-9953-0f65363137d1.jpg?im_w=720
675736,"Chlum, Czechia","₹9,142 per night",4.89,https://a0.muscache.com/im/pictures/22296282/eab5130b_original.jpg?im_w=720
49980615,"Regulice, Poland","₹7,073 per night",4.82,https://a0.muscache.com/im/pictures/miso/Hosting-49980615/original/c2fb0fa0-f934-4b18-a894-1581e233cf9b.jpeg?im_w=720
19781331,"Yvoir, Belgium","₹12,720 per night",4.93,https://a0.muscache.com/im/pictures/3c479434-3533-4cfe-a40a-9e545a2717ac.jpg?im_w=720
623099296837596693,"Saint-Claude, France","₹3,634 per night",4.72,https://a0.muscache.com/im/pictures/miso/Hosting-623099296837596693/original/591d93d3-9b37-4476-ad03-5db674159b27.jpeg?im_w=720
3480862,"Anna Paulowna, Netherlands","₹10,516 per night",4.89,https://a0.muscache.com/im/pictures/8a349d47-c43b-408f-a4ff-a353bb488969.jpg?im_w=720
44180697,"Knebel, Denmark","₹12,21,575 per night",4.96,https://a0.muscache.com/im/pictures/9aa0b4aa-eeee-406e-a597-522f662f0029.jpg?im_w=720
612834607006711129,"Saint-Christophe, France","₹6,360 per night",4.93,https://a0.muscache.com/im/pictures/miso/Hosting-612834607006711129/original/81b0b817-d2f0-41c7-95ba-6bfb2fa7cd90.jpeg?im_w=720
37140392,"Hatgal, Mongolia","₹2,736 per night",New,https://a0.muscache.com/im/pictures/cb81fe9f-e7f0-4b88-bdb5-d5137720d5f7.jpg?im_w=720
634760973855121151,"Saint-Beauzély, France","₹8,540 per night",5.0,https://a0.muscache.com/im/pictures/miso/Hosting-634760973855121151/original/3903d0c6-d6c2-444f-86c9-9938ab73545a.jpeg?im_w=720
614370256245128691,"Saint-Sauveur-de-Montagut, France","₹8,095 per night",4.91,https://a0.muscache.com/im/pictures/miso/Hosting-614370256245128691/original/7b06e6e8-d3b1-4652-bfa1-ff5271d56597.jpeg?im_w=720
567316470532662805,"Saint-Julien-du-Gua, France","₹6,814 per night",5.0,https://a0.muscache.com/im/pictures/miso/Hosting-567316470532662805/original/51175715-76b2-4a2d-8e97-440d5194574b.jpeg?im_w=720
25502822,"La Chapelle-Laurent, France","₹3,325 per night",4.89,https://a0.muscache.com/im/pictures/7a9d18de-6d76-4462-a3b8-b4c15503bdd1.jpg?im_w=720
12294325,"Catignano, Italy","₹11,413 per night",4.97,https://a0.muscache.com/im/pictures/miso/Hosting-12294325/original/e860ff36-d0b2-4b1c-b3a5-d59ac48a8894.png?im_w=720
48434758,"Breezand, Netherlands","₹13,711 per night",4.93,https://a0.muscache.com/im/pictures/miso/Hosting-48434758/original/a389be82-cfe1-4764-8cfb-9acdaa8ab7db.jpeg?im_w=720
47960571,"Yvoir, Belgium","₹7,159 per night",4.78,https://a0.muscache.com/im/pictures/7bf031fe-0310-4758-8a09-d6687ae5071c.jpg?im_w=720
632591805842875129,"Faucogney-et-la-Mer, France","₹5,760 per night",4.63,https://a0.muscache.com/im/pictures/miso/Hosting-632591805842875129/original/723dcafc-1493-4a44-83a0-135fbccb4037.jpeg?im_w=720
46852900,"Zwalm, Belgium","₹4,449 per night",4.77,https://a0.muscache.com/im/pictures/0c5ca3b2-0937-40a2-bf61-051a6cba77ee.jpg?im_w=720
51764920,"Grohotele, Romania","₹5,601 per night",5.0,https://a0.muscache.com/im/pictures/miso/Hosting-51764920/original/433c7fbe-fe9c-4f4e-a3d0-7ac6ee1fbdb1.jpeg?im_w=720
624693370987050970,"Rapallo, Italy","₹7,760 per night",5.0,https://a0.muscache.com/im/pictures/8be3ba7c-a377-49e2-9aaa-f586e2da86c7.jpg?im_w=720
641065979079801207,"Robion, France","₹4,543 per night",4.77,https://a0.muscache.com/im/pictures/305a3123-9332-4b6d-85d4-77ad10840805.jpg?im_w=720
8253842,"Oostkamp, Belgium","₹8,390 per night",4.91,https://a0.muscache.com/im/pictures/105920900/93de454b_original.jpg?im_w=720
32507152,"Hochdorf-Assenheim, Germany","₹2,709 per night",4.74,https://a0.muscache.com/im/pictures/30b0c615-2791-433f-ba20-b592e1afbe1e.jpg?im_w=720
50253376,"Pélussin, France","₹5,474 per night",4.78,https://a0.muscache.com/im/pictures/82eeebec-a062-4b63-8330-a8f2678d9fef.jpg?im_w=720
25932499,"Dursztyn, Poland","₹8,744 per night",4.98,https://a0.muscache.com/im/pictures/f3c41dc6-86f2-4dad-9f3b-07b8a176b93b.jpg?im_w=720
25194562,"Sumène, France","₹10,784 per night",4.97,https://a0.muscache.com/im/pictures/0ff2ddd2-f9c2-4888-8759-4acbcb158f6a.jpg?im_w=720
40850263,"Birštono sav., Lithuania","₹12,659 per night",5.0,https://a0.muscache.com/im/pictures/miso/Hosting-40850263/original/04a057b8-c6ad-4148-a985-de97787884a6.jpeg?im_w=720
34226546,"Celrà, Spain","₹6,492 per night",4.94,https://a0.muscache.com/im/pictures/d66302e2-80a5-4388-94f5-c5b1f3676146.jpg?im_w=720
46707676,"Ostuni, Italy","₹9,834 per night",5.0,https://a0.muscache.com/im/pictures/miso/Hosting-46707676/original/01cda9df-2836-4969-90dc-c6f4ed1463d6.jpeg?im_w=720
20536881,"Caveirac, France","₹6,178 per night",4.71,https://a0.muscache.com/im/pictures/9ec85fef-3dfd-4ece-a5de-c5c090f16b1a.jpg?im_w=720
562027135147666660,"Duffel, Belgium","₹8,676 per night",4.92,https://a0.muscache.com/im/pictures/65275db7-2f21-474c-8f3e-1ee8972e7880.jpg?im_w=720
51275176,"Eikaži, Latvia","₹4,078 per night",4.93,https://a0.muscache.com/im/pictures/16d0daa3-1822-42c5-879b-614958385fb6.jpg?im_w=720
36820476,"Kapelle-op-den-Bos, Belgium","₹6,472 per night",4.8,https://a0.muscache.com/im/pictures/miso/Hosting-36820476/original/15a39d76-c417-4bcb-81b2-b0a455c72ff2.jpeg?im_w=720
18206466,"Simiane-Collongue, France","₹5,110 per night",4.92,https://a0.muscache.com/im/pictures/2f0a86bd-6cbf-4a0e-aaf8-7ce3db266e4d.jpg?im_w=720
37141640,"Hatgal, Mongolia","₹2,736 per night",New,https://a0.muscache.com/im/pictures/cb81fe9f-e7f0-4b88-bdb5-d5137720d5f7.jpg?im_w=720
51697633,"Staré Křečany, Czechia","₹5,227 per night",4.89,https://a0.muscache.com/im/pictures/miso/Hosting-51697633/original/1905e708-06b6-4f9f-9ef4-fd19a58a0353.jpeg?im_w=720
43646954,"Gennep, Netherlands","₹6,663 per night",4.83,https://a0.muscache.com/im/pictures/563077d2-01a5-432a-acd9-dd0408385e2f.jpg?im_w=720
3024391,"Les Breuleux, Switzerland","₹12,372 per night",4.55,https://a0.muscache.com/im/pictures/c728221b-8248-43ac-9653-f37815981e58.jpg?im_w=720
3274145,"Bischofszell, Switzerland","₹4,318 per night",4.85,https://a0.muscache.com/im/pictures/44217213/70a06949_original.jpg?im_w=720
49128396,"Puchschachen, Austria","₹5,451 per night",4.98,https://a0.muscache.com/im/pictures/f57f6533-9ac4-4cd1-915a-a4cb4b00581d.jpg?im_w=720
558520549549171246,"Gourdon, France","₹2,362 per night",4.88,https://a0.muscache.com/im/pictures/miso/Hosting-558520549549171246/original/d81683a8-d782-42c1-997f-27cad0d66bd6.jpeg?im_w=720
14947600,"Saint-Vallier-de-Thiey, France","₹6,303 per night",4.95,https://a0.muscache.com/im/pictures/6ad3a73a-9072-4104-b8c4-f3d1fcc4ec55.jpg?im_w=720
20844499,"Herbsleben, Germany","₹5,161 per night",4.97,https://a0.muscache.com/im/pictures/miso/Hosting-20844499/original/3f4834ca-d254-4d9e-9847-820dd321c75c.jpeg?im_w=720
50498977,"Noto, Italy","₹6,379 per night",4.7,https://a0.muscache.com/im/pictures/b7cd2f21-3516-4093-9f6a-5cdca5d708ee.jpg?im_w=720
49623157,"Toldijk, Netherlands","₹11,640 per night",5.0,https://a0.muscache.com/im/pictures/miso/Hosting-49623157/original/cd201608-d4c7-4114-ae5f-f56b287d0a26.jpeg?im_w=720
44610432,"Alsóörs, Hungary","₹3,598 per night",4.62,https://a0.muscache.com/im/pictures/b4c29617-4dd8-43a8-b7ec-a520a09c5e8b.jpg?im_w=720
51122430,"Ruda Różaniecka, Poland","₹8,246 per night",4.94,https://a0.muscache.com/im/pictures/miso/Hosting-51098919/original/f086421b-a25d-4938-96a5-957391799e06.jpeg?im_w=720
593774731839027322,"Briançon, France","₹5,485 per night",4.9,https://a0.muscache.com/im/pictures/7d5a5b36-9c3d-421f-89a5-9f71cf7f545d.jpg?im_w=720
31682054,"Lärz, Germany","₹7,845 per night",4.91,https://a0.muscache.com/im/pictures/a4bec272-7f1a-4230-841e-4ef9a22da8d0.jpg?im_w=720
43924342,"Longchaumois, France","₹6,360 per night",4.79,https://a0.muscache.com/im/pictures/ad79c6df-6baf-4da9-88a7-563a1c767ec5.jpg?im_w=720
43502531,"Hilprechtsham, Austria","₹2,902 per night",4.88,https://a0.muscache.com/im/pictures/3ffc6406-79a4-40ed-9d47-992f7a14e77e.jpg?im_w=720
27184268,"La Robine-sur-Galabre, France","₹3,634 per night",4.96,https://a0.muscache.com/im/pictures/752970f0-80e1-4052-b864-775f6b57ae78.jpg?im_w=720
42059396,"Beinsdorp, Netherlands","₹10,377 per night",4.96,https://a0.muscache.com/im/pictures/83ca2e89-c284-4c58-b22a-06e08cf35bdf.jpg?im_w=720
20307382,"Meyrin, Switzerland","₹6,136 per night",4.83,https://a0.muscache.com/im/pictures/miso/Hosting-20307382/original/129bdebd-2766-4f99-9325-5fa3095cabb5.jpeg?im_w=720
37877901,"Eckelrade, Netherlands","₹16,810 per night",4.97,https://a0.muscache.com/im/pictures/2acff5f8-6989-48ce-bbfd-7896e3bc7562.jpg?im_w=720
19084907,"Wageningen, Netherlands","₹5,780 per night",4.62,https://a0.muscache.com/im/pictures/8b37692e-d8aa-4138-b8d2-eb300edaa423.jpg?im_w=720
53990412,"Longchaumois, France","₹6,360 per night",4.77,https://a0.muscache.com/im/pictures/f7e9dbe9-e58b-4b74-9493-6c3106ba7c58.jpg?im_w=720
553317516656027579,"Éclaron-Braucourt-Sainte-Livière, France","₹5,451 per night",5.0,https://a0.muscache.com/im/pictures/miso/Hosting-553317516656027579/original/dedef434-ac8d-47fc-b946-26c1a5c5da44.jpeg?im_w=720
39222745,"Nieuwerkerk, Netherlands","₹10,840 per night",4.65,https://a0.muscache.com/im/pictures/223261da-6df6-41c8-b64a-b3a88ee02b78.jpg?im_w=720
27365057,"Brosso, Italy","₹3,925 per night",4.93,https://a0.muscache.com/im/pictures/miso/Hosting-27365057/original/f5f68a15-e47e-4862-bfe4-3e26c332c24c.jpeg?im_w=720
35451951,"Velgast, Germany","₹6,516 per night",4.88,https://a0.muscache.com/im/pictures/e8e7652e-3c70-4fbd-8386-689194a75fb3.jpg?im_w=720
37140031,"Hatgal, Mongolia","₹2,736 per night",New,https://a0.muscache.com/im/pictures/cb81fe9f-e7f0-4b88-bdb5-d5137720d5f7.jpg?im_w=720
20239582,"Issirac, France","₹5,906 per night",4.92,https://a0.muscache.com/im/pictures/038c4b09-a2c9-4865-b4c7-a9e26640494f.jpg?im_w=720
128861,"Kalamata, Greece","₹5,906 per night",4.81,https://a0.muscache.com/im/pictures/e7a6b16f-23ac-4f65-a0ef-a17adb15c4cc.jpg?im_w=720
596917619487318705,"Saint-Florent, France","₹5,815 per night",4.67,https://a0.muscache.com/im/pictures/d3f5306d-d61d-45b3-87b0-ef07fa702556.jpg?im_w=720
28362830,"Mesnay, France","₹6,949 per night",4.95,https://a0.muscache.com/im/pictures/9bbc430e-83d2-48e9-9f55-91feb99b44e3.jpg?im_w=720
44637039,"Kretinga District Municipality, Lithuania","₹4,543 per night",4.88,https://a0.muscache.com/im/pictures/6787edbd-2012-4e26-9fe0-07ec32ffc9f2.jpg?im_w=720
52688544,"Achterveld, Netherlands","₹5,528 per night",4.9,https://a0.muscache.com/im/pictures/miso/Hosting-52688544/original/97c33cae-aaed-4a95-bae1-86daec14589a.jpeg?im_w=720
26931373,"Alsóörs, Hungary","₹3,452 per night",4.91,https://a0.muscache.com/im/pictures/05d98a73-b57a-45a0-8c38-a2104ac36b8e.jpg?im_w=720
44087539,"Bourlon, France","₹6,609 per night",4.89,https://a0.muscache.com/im/pictures/6ba874be-6003-4122-8ff9-4a696e790d62.jpg?im_w=720
26872655,"Nébouzat, France","₹7,115 per night",4.95,https://a0.muscache.com/im/pictures/71d93239-0d87-4e4c-a9d2-9cc0d743f110.jpg?im_w=720
44184296,"Ville-Di-Paraso, France","₹8,177 per night",4.65,https://a0.muscache.com/im/pictures/11db01e4-edd7-4148-8228-a9898aab2f61.jpg?im_w=720
52451094,"Giffaumont-Champaubert, France","₹10,901 per night",4.86,https://a0.muscache.com/im/pictures/miso/Hosting-52451094/original/a8cee491-f6c0-45f1-8253-0f19009350db.jpeg?im_w=720
2170274,"Aurich, Germany","₹5,451 per night",4.86,https://a0.muscache.com/im/pictures/29412445/ab95029b_original.jpg?im_w=720
51224735,"Semur-en-Auxois, France","₹7,030 per night",4.84,https://a0.muscache.com/im/pictures/67175d17-289d-4b98-80ce-c7c36b7b2d40.jpg?im_w=720
606554234914926801,"Nösund, Sweden","₹5,299 per night",4.8,https://a0.muscache.com/im/pictures/miso/Hosting-606554234914926801/original/55e322cc-b45e-4737-b005-8eb8951296ae.jpeg?im_w=720
568415044769219119,"Saint-Julien-du-Gua, France","₹6,505 per night",5.0,https://a0.muscache.com/im/pictures/miso/Hosting-568415044769219119/original/2b73ed99-4795-4692-8623-78409ddc846d.jpeg?im_w=720
44119292,"Velgast, Germany","₹5,062 per night",4.75,https://a0.muscache.com/im/pictures/3691919b-b35e-4ae0-b1c0-10851a639b90.jpg?im_w=720
36072779,"Saint-Vallier-de-Thiey, France","₹7,575 per night",5.0,https://a0.muscache.com/im/pictures/miso/Hosting-36072779/original/70f1238f-c1ac-4966-8b12-bfa7f1794bd1.jpeg?im_w=720
27220381,"Thoard, France","₹13,992 per night",4.94,https://a0.muscache.com/im/pictures/17d7c04e-41f6-4505-ac39-df6264f6b912.jpg?im_w=720
49628983,"Soisy-Bouy, France","₹4,538 per night",4.76,https://a0.muscache.com/im/pictures/594672c1-cfa9-42e1-8a0b-3344fbb3cd1d.jpg?im_w=720
640424606218297336,"Hutki, Poland","₹13,999 per night",5.0,https://a0.muscache.com/im/pictures/miso/Hosting-640424606218297336/original/071d78c8-eddb-402a-902a-d8b16d147926.jpeg?im_w=720
49126096,"Wolhusen, Switzerland","₹8,834 per night",4.89,https://a0.muscache.com/im/pictures/miso/Hosting-30559133/original/59611586-209d-4dd3-99f0-dae549f34417.jpeg?im_w=720
28279837,"Bukha-myeon, Jangseong-gun, South Korea","₹8,698 per night",4.92,https://a0.muscache.com/im/pictures/4fc8834b-9f32-469b-8426-65f0c4bacf2e.jpg?im_w=720
24573665,"Triesenberg, Liechtenstein","₹12,408 per night",4.95,https://a0.muscache.com/im/pictures/miso/Hosting-24573665/original/03b37bc7-42c7-433f-9d12-45e0e239d025.jpeg?im_w=720
50355704,"La Léchère, France","₹5,906 per night",4.95,https://a0.muscache.com/im/pictures/miso/Hosting-50355704/original/e246e912-19c8-425e-afb3-50ad57682596.jpeg?im_w=720
22449161,"Boden N, Sweden","₹12,876 per night",5.0,https://a0.muscache.com/im/pictures/aed72d2f-ce88-4827-8c86-54363d57b7ad.jpg?im_w=720
571566894317087425,"Carbuccia, France","₹6,496 per night",5.0,https://a0.muscache.com/im/pictures/miso/Hosting-571566894317087425/original/585a5daf-ff5e-4a78-ad28-680da7a5498c.jpeg?im_w=720
24811799,"Saint-Léger-sur-Dheune, France","₹5,971 per night",4.68,https://a0.muscache.com/im/pictures/prohost-api/Hosting-24811799/original/2bcf78e0-8342-4da9-94cb-8e2d78516a4c.jpeg?im_w=720
45211976,"Aouste-sur-Sye, France","₹6,427 per night",5.0,https://a0.muscache.com/im/pictures/4d948a7b-90bd-4ae4-bdf0-bc26f5b789c9.jpg?im_w=720
48687256,"Saint-Ambroix, France","₹11,856 per night",4.95,https://a0.muscache.com/im/pictures/711cd9ae-7025-4d71-a6bf-8ceec8cd1a98.jpg?im_w=720
37141113,"Hatgal, Mongolia","₹2,736 per night",New,https://a0.muscache.com/im/pictures/cb81fe9f-e7f0-4b88-bdb5-d5137720d5f7.jpg?im_w=720
50443191,"Reillanne, France","₹5,042 per night",4.91,https://a0.muscache.com/im/pictures/miso/Hosting-50443191/original/23374ad5-ef9d-48aa-a33f-bfe81b19f5c4.jpeg?im_w=720
20221396,"Saint André de Lancize, France","₹8,177 per night",4.85,https://a0.muscache.com/im/pictures/miso/Hosting-20221396/original/e2cb925f-abfd-401b-af9c-e53f610a5001.jpeg?im_w=720
50107404,"La Bollène-Vésubie, France","₹5,906 per night",4.95,https://a0.muscache.com/im/pictures/miso/Hosting-50107404/original/40a44fbf-ad92-4bbf-b9d3-f0351e99bc5c.jpeg?im_w=720
23918716,"Fitou, France","₹10,436 per night",4.63,https://a0.muscache.com/im/pictures/e197b52d-ade0-4561-aa38-c8f8e8d4e401.jpg?im_w=720
49168477,"Rosans, France","₹4,361 per night",4.84,https://a0.muscache.com/im/pictures/fe648b68-dbf3-419e-a3ff-505c89549ff6.jpg?im_w=720
50730523,"Děčín, Czechia","₹5,537 per night",4.71,https://a0.muscache.com/im/pictures/miso/Hosting-50730523/original/1af45056-47c1-41b9-bd64-1b9bf322f382.jpeg?im_w=720
50860122,"Csólyospálos, Hungary","₹2,652 per night",5.0,https://a0.muscache.com/im/pictures/miso/Hosting-50860122/original/7d515251-0e9d-43e1-bafd-64799800a9d8.jpeg?im_w=720
51426059,"Marvejols, France","₹4,089 per night",4.82,https://a0.muscache.com/im/pictures/miso/Hosting-51426059/original/64f1d103-f4c6-445e-a635-4218516d0d37.jpeg?im_w=720
45955236,"Xhoris, Belgium","₹8,995 per night",4.86,https://a0.muscache.com/im/pictures/ca3e8bc2-33af-4e27-87ef-94dd22e0297d.jpg?im_w=720
9646444,"Saint-Anthème, France","₹8,121 per night",4.57,https://a0.muscache.com/im/pictures/prohost-api/Hosting-9646444/original/21c13475-d928-489e-ba36-4e70f11f9892.jpeg?im_w=720
49896529,"Bydgoszcz, Poland","₹9,396 per night",5.0,https://a0.muscache.com/im/pictures/124f6e6d-9672-4276-a8fd-df5c7b5d6f24.jpg?im_w=720
45856470,"Saint-Yorre, France","₹4,270 per night",4.98,https://a0.muscache.com/im/pictures/6b4dd162-49d6-4a96-8687-0c2bea6dd771.jpg?im_w=720
638298137425788909,"Plana, Bulgaria","₹4,645 per night",New,https://a0.muscache.com/im/pictures/miso/Hosting-638298137425788909/original/4f317aac-a019-479d-8439-8e0d00916da0.jpeg?im_w=720
51919414,"Boulc, France","₹9,994 per night",4.82,https://a0.muscache.com/im/pictures/miso/Hosting-51919414/original/82b6625a-5770-4fad-b9c7-3fc0f4511b77.jpeg?im_w=720
5186756,"Gassino Torinese, Italy","₹10,925 per night",4.85,https://a0.muscache.com/im/pictures/76163024/ee434eec_original.jpg?im_w=720
44288999,"Loddes, France","₹4,997 per night",4.98,https://a0.muscache.com/im/pictures/c54e53a3-1b47-425f-bf84-2c1f071bea1b.jpg?im_w=720
17166012,"Vaassen, Netherlands","₹8,917 per night",4.73,https://a0.muscache.com/im/pictures/61e6dee7-37c9-4e03-8dee-7990f4a01eff.jpg?im_w=720
19816806,"Velgast, Germany","₹5,933 per night",4.63,https://a0.muscache.com/im/pictures/miso/Hosting-19816806/original/dbfb1afb-787c-4fd1-9102-e21aa7947e2c.jpeg?im_w=720
20209049,"Arrigas, France","₹4,179 per night",4.83,https://a0.muscache.com/im/pictures/0204e1de-b521-4216-b764-9780efa0a0b8.jpg?im_w=720
29661523,"Kovalam, India","₹4,565 per night",4.62,https://a0.muscache.com/im/pictures/e9cfdb86-9ac5-4dff-9651-ed77e8fa3cdf.jpg?im_w=720
8192114,"Montdardier, France","₹2,283 per night",4.6,https://a0.muscache.com/im/pictures/3ce06505-5a91-449d-b756-edec1012b220.jpg?im_w=720
34188842,"ivalo, Finland","₹4,089 per night",4.74,https://a0.muscache.com/im/pictures/f470976e-2dd9-4e6b-8556-c3980127a541.jpg?im_w=720
630757259030367459,"Sint-Katelijne-Waver, Belgium","₹13,203 per night",New,https://a0.muscache.com/im/pictures/729c3c1e-51b8-4b96-af66-7c3778b8b6cf.jpg?im_w=720
41929368,"Uckerfelde, Germany","₹6,269 per night",4.62,https://a0.muscache.com/im/pictures/af88bf25-9bc4-4073-bad7-6d76471531c1.jpg?im_w=720
3816418,"Afferden, Limburg, Netherlands","₹5,928 per night",4.81,https://a0.muscache.com/im/pictures/miso/Hosting-3816418/original/180cfd3d-3022-4068-817d-e3d0d37120ab.jpeg?im_w=720
19882766,"Stavelot, Belgium","₹8,109 per night",4.63,https://a0.muscache.com/im/pictures/135fce6a-f36d-4248-926e-de3e5e27f9b3.jpg?im_w=720
47798287,"Sauwerd, Netherlands","₹7,287 per night",4.83,https://a0.muscache.com/im/pictures/12d84402-d9bb-48c8-848a-29bd7cb5320c.jpg?im_w=720
19469776,"Buissard, France","₹1,227 per night",4.45,https://a0.muscache.com/im/pictures/b5053ef1-d234-4794-b90c-206c95e710d8.jpg?im_w=720
14330786,"Friesack, Germany","₹34,705 per night",4.91,https://a0.muscache.com/im/pictures/a8909eac-fc9d-4446-9971-efec8f4b2344.jpg?im_w=720
34058037,"Besse-sur-Issole, France","₹8,238 per night",4.93,https://a0.muscache.com/im/pictures/01a379ce-50a3-4d66-8950-05a7673cca95.jpg?im_w=720
32973403,"Chastel-sur-Murat, France","₹5,724 per night",4.98,https://a0.muscache.com/im/pictures/8093122d-d45d-4e9c-8df1-a886a6d7aae9.jpg?im_w=720
31353167,"Beaugies-Sous-Bois, France","₹8,631 per night",4.79,https://a0.muscache.com/im/pictures/d700ddc8-c865-4d4d-8403-bd98c592cad5.jpg?im_w=720
52726843,"Tassin-la-Demi-Lune, France","₹3,802 per night",5.0,https://a0.muscache.com/im/pictures/e8fee113-bfc2-4783-990e-6fe9fbc90ae5.jpg?im_w=720
20209028,"Arrigas, France","₹5,269 per night",4.79,https://a0.muscache.com/im/pictures/e3da6dca-0c02-40b3-9f28-fceabdd4ca0b.jpg?im_w=720
53963711,"Rocles, France","₹5,951 per night",New,https://a0.muscache.com/im/pictures/miso/Hosting-53963711/original/ef233d34-d3a3-4340-a30a-cc19f626da23.jpeg?im_w=720
19149066,"Saint-Julien-du-Gua, France","₹6,769 per night",4.94,https://a0.muscache.com/im/pictures/de8a6a28-1a71-4ea1-a056-22d2997dba91.jpg?im_w=720
19729684,"Munnekeburen, Netherlands","₹5,881 per night",4.72,https://a0.muscache.com/im/pictures/c2fd725a-b32b-4077-8611-dd221d0e468c.jpg?im_w=720
13213143,"La Pesse, France","₹7,541 per night",4.59,https://a0.muscache.com/im/pictures/15793ae7-4ef8-48fd-bf77-72cb6f08340d.jpg?im_w=720
51394573,"Égliseneuve-d'Entraigues, France","₹10,448 per night",4.92,https://a0.muscache.com/im/pictures/miso/Hosting-51394573/original/55139179-4e9e-4748-8622-09aec4010adb.jpeg?im_w=720
4459764,"Amsterdam Zuidoost, Netherlands","₹8,654 per night",4.59,https://a0.muscache.com/im/pictures/miso/Hosting-4459764/original/7c9f743e-18cc-4e3c-896f-41a3811bca38.jpeg?im_w=720
12371984,"Romainmôtier-Envy, Switzerland","₹2,832 per night",4.78,https://a0.muscache.com/im/pictures/5fcb9775-6b5f-48c3-88a5-0cef4f3f608e.jpg?im_w=720
2787011,"Toscolano-maderno, Italy","₹16,099 per night",4.95,https://a0.muscache.com/im/pictures/36220509/7bb257d7_original.jpg?im_w=720
19222640,"Entrepierres, France","₹7,516 per night",4.78,https://a0.muscache.com/im/pictures/prohost-api/Hosting-19222640/original/047e137e-6176-48dc-901b-551d8b5471f3.jpeg?im_w=720
27722908,"Sydower Fließ, Germany","₹4,446 per night",4.8,https://a0.muscache.com/im/pictures/c3816874-099a-47cc-a74f-7f9c91ce5548.jpg?im_w=720
6906591,"Molières-sur-Cèze, France","₹4,089 per night",4.61,https://a0.muscache.com/im/pictures/103416147/5602821f_original.jpg?im_w=720
43705706,"Söderköping V, Sweden","₹6,176 per night",4.6,https://a0.muscache.com/im/pictures/4db01b1f-0ea2-498c-9d51-74f8a6ae1bcc.jpg?im_w=720
606896963100412643,"Brezzo di Bedero, Italy","₹4,030 per night",4.6,https://a0.muscache.com/im/pictures/miso/Hosting-606896963100412643/original/149f80b9-0cfa-4011-9476-780af294dd85.jpeg?im_w=720
29983145,"Emst, Netherlands","₹9,156 per night",4.64,https://a0.muscache.com/im/pictures/45958fd2-a941-4c1a-9377-d985b5e28069.jpg?im_w=720
12877884,"Genevreuille, France","₹5,451 per night",4.78,https://a0.muscache.com/im/pictures/5442d7a7-66b4-4a26-a4cf-7c397fb61b34.jpg?im_w=720
6152505,"Saint-Pierre-de-Colombier, France","₹4,543 per night",4.72,https://a0.muscache.com/im/pictures/8eae45db-f93d-4489-b6dc-07b95e60f98c.jpg?im_w=720
26813204,"Nébouzat, France","₹7,120 per night",4.96,https://a0.muscache.com/im/pictures/8eb01ad1-128b-42d5-9a5e-89056d413a44.jpg?im_w=720
27390597,"相模原市, Japan","₹11,934 per night",4.73,https://a0.muscache.com/im/pictures/d51eb6e1-2061-47b4-afa2-0825892e1e2f.jpg?im_w=720
50058625,"Olst, Netherlands","₹9,176 per night",4.93,https://a0.muscache.com/im/pictures/cb8499a1-7b1d-4114-a71c-360baed78e81.jpg?im_w=720
49053234,"Een-West, Netherlands","₹6,842 per night",4.88,https://a0.muscache.com/im/pictures/miso/Hosting-49053234/original/d3e69852-51d8-4b86-b065-084ad99c4dd2.jpeg?im_w=720
37174098,"Lunteren, Netherlands","₹61,782 per night",4.83,https://a0.muscache.com/im/pictures/644ce09a-0757-4184-b7a9-ff762114a674.jpg?im_w=720
44938638,"Éclaron-Braucourt-Sainte-Livière, France","₹8,177 per night",4.82,https://a0.muscache.com/im/pictures/b2718299-0903-4d53-8866-5a1abfc9cb58.jpg?im_w=720
23197993,"Saint-Martin-de-Pallières, France","₹4,747 per night",4.84,https://a0.muscache.com/im/pictures/e581c9a4-f567-4a90-954f-1762dcd78d79.jpg?im_w=720
35670123,"Crans-Montana, Switzerland","₹16,047 per night",4.86,https://a0.muscache.com/im/pictures/846fdad8-4997-4e37-a13a-0a4eb5c4509e.jpg?im_w=720
49417218,"Fontjoncouse, France","₹5,406 per night",4.9,https://a0.muscache.com/im/pictures/505675b1-3ec4-4e43-81dc-9809612532b2.jpg?im_w=720
53929196,"Ichihara, Japan","₹10,636 per night",4.87,https://a0.muscache.com/im/pictures/miso/Hosting-53929196/original/a7724115-8bee-41dd-9546-09d15839bd51.jpeg?im_w=720
41014882,"Valherbasse, France","₹4,543 per night",4.9,https://a0.muscache.com/im/pictures/afdf9179-fc36-487c-9316-9c292559828a.jpg?im_w=720
24980013,"Tuchan, France","₹5,446 per night",4.96,https://a0.muscache.com/im/pictures/20369abc-f5c1-49be-8bc4-83b4894b2246.jpg?im_w=720
19195542,"Marignac-en-Diois, France","₹5,179 per night",4.87,https://a0.muscache.com/im/pictures/ab8dacc2-56ab-491f-a125-5ae26b461756.jpg?im_w=720
6259201,"Saint-Pierre-de-Colombier, France","₹5,269 per night",4.7,https://a0.muscache.com/im/pictures/df829003-20f1-41e1-9f71-45d5c9f1464a.jpg?im_w=720
44495565,"Saint-Yan, France","₹9,086 per night",4.75,https://a0.muscache.com/im/pictures/ae9bfcc4-5048-4d01-b3f1-958226dcdc87.jpg?im_w=720
8104534,"Antwerpen, Belgium","₹3,271 per night",4.59,https://a0.muscache.com/im/pictures/103240829/dc322284_original.jpg?im_w=720
49492899,"Fontjoncouse, France","₹12,786 per night",5.0,https://a0.muscache.com/im/pictures/miso/Hosting-49380454/original/e4b23c53-66e2-4ceb-ae8d-a2aa1fefe3f0.jpeg?im_w=720
27843574,"Bras, France","₹5,905 per night",4.91,https://a0.muscache.com/im/pictures/5879f324-a13c-4d74-8252-36811e17f540.jpg?im_w=720
9897794,"Séez, France","₹4,743 per night",4.66,https://a0.muscache.com/im/pictures/65df88f3-704a-48c3-b52e-f8b9aa576986.jpg?im_w=720
22420845,"Saint-Sauves-d'Auvergne, France","₹9,721 per night",4.75,https://a0.muscache.com/im/pictures/c7b9d5aa-9688-45d9-a778-8995d16feb4d.jpg?im_w=720
13185903,"Saint-Laurent-sous-Coiron , France","₹5,474 per night",4.81,https://a0.muscache.com/im/pictures/41a156e4-bba1-4bcb-8981-b06fb117151b.jpg?im_w=720
27130732,"Preddvor, Slovenia","₹5,508 per night",5.0,https://a0.muscache.com/im/pictures/787a0a8e-51e3-4fd1-9a9b-084f543a34e3.jpg?im_w=720
19537814,"Pommiers, France","₹4,543 per night",4.99,https://a0.muscache.com/im/pictures/ebdfa2d7-c6df-4d49-8bc7-8d0cde27bf2b.jpg?im_w=720
26705671,"Petit-Landau, France","₹7,476 per night",4.99,https://a0.muscache.com/im/pictures/55dfaea0-8a73-42a3-980f-be9d5e0bc491.jpg?im_w=720
43996506,"Voerde (Niederrhein), Germany","₹9,086 per night",4.9,https://a0.muscache.com/im/pictures/6b44f9ff-c8f0-4afb-9ca6-c5025fe90821.jpg?im_w=720
29358797,"Pouzol, France","₹5,474 per night",4.66,https://a0.muscache.com/im/pictures/d2f39718-4085-40f7-96da-d4f9e2a2d7ed.jpg?im_w=720
25928940,"Hures-la-Parade, France","₹6,269 per night",4.91,https://a0.muscache.com/im/pictures/f2eb9f37-34fd-4408-be5a-e40f47bba1e3.jpg?im_w=720
36171005,"Bukha-myeon, Jangseong-gun, South Korea","₹12,096 per night",4.96,https://a0.muscache.com/im/pictures/b65ea80b-261d-4944-a52c-5f6223c1a23a.jpg?im_w=720
584682649587524463,"Jelsum, Netherlands","₹8,177 per night",5.0,https://a0.muscache.com/im/pictures/46de32a6-c46a-4073-8826-ea6b45ffecd4.jpg?im_w=720
43866237,"Cirey-sur-Vezouze, France","₹7,280 per night",4.9,https://a0.muscache.com/im/pictures/700a540f-21d8-4974-b7fb-17062e812f54.jpg?im_w=720
2331823,"Callian, France","₹9,540 per night",4.82,https://a0.muscache.com/im/pictures/31158864/ad11f3fc_original.jpg?im_w=720
25479137,"Wollerau, Switzerland","₹11,332 per night",4.79,https://a0.muscache.com/im/pictures/miso/Hosting-25479137/original/474635cf-b955-4a4a-b419-49fe23a1e28b.jpeg?im_w=720
6520384,"Collobrières, France","₹5,489 per night",4.82,https://a0.muscache.com/im/pictures/82030092/1c11de1c_original.jpg?im_w=720
35087903,"Montdardier, France","₹2,908 per night",4.97,https://a0.muscache.com/im/pictures/fc36c294-0b4a-438e-a243-404dd670c717.jpg?im_w=720
612814273098802443,"Laval-sur-Doulon, France","₹9,994 per night",New,https://a0.muscache.com/im/pictures/miso/Hosting-612814273098802443/original/80dc479a-6218-4d89-b8ba-277ddaddb06f.jpeg?im_w=720
19406871,"Portorož - Portorose, Slovenia","₹20,964 per night",4.94,https://a0.muscache.com/im/pictures/768a1367-9399-4ada-85fc-96c2f44bceee.jpg?im_w=720
32162884,"Saint-Paulet-de-Caisson, France","₹12,340 per night",5.0,https://a0.muscache.com/im/pictures/03255b4c-8553-43c2-b9aa-2c08821d0040.jpg?im_w=720
597483065783904529,"Monieux, France","₹7,268 per night",5.0,https://a0.muscache.com/im/pictures/84593004-9566-46a7-868d-2fa8f1f5a083.jpg?im_w=720
617153026225388634,"Loenen, Netherlands","₹9,131 per night",New,https://a0.muscache.com/im/pictures/4f4dce32-5908-4dc3-b5f4-7f888f7eea24.jpg?im_w=720
23736851,"Faverges, France","₹7,723 per night",4.91,https://a0.muscache.com/im/pictures/f255c31a-48c2-4b99-a3ef-6d1200b02fb7.jpg?im_w=720
8206045,"Graissessac, France","₹7,359 per night",4.84,https://a0.muscache.com/im/pictures/0ccd84be-b789-4a00-b745-90ddf35e11b2.jpg?im_w=720
